<?xml version="1.0" encoding="UTF-8" standalone="no"?>
<?fileVersion 4.0.0?>

<cproject storage_type_id="org.eclipse.cdt.core.XmlProjectDescriptionStorage">
	<storageModule moduleId="org.eclipse.cdt.core.settings">
		<cconfiguration id="cdt.managedbuild.toolchain.gnu.base.448386791">
			<storageModule buildSystemId="org.eclipse.cdt.managedbuilder.core.configurationDataProvider" id="cdt.managedbuild.toolchain.gnu.base.448386791" moduleId="org.eclipse.cdt.core.settings" name="Default">
				<externalSettings/>
				<extensions>
					<extension id="org.eclipse.cdt.core.ELF" point="org.eclipse.cdt.core.BinaryParser"/>
					<extension id="org.eclipse.cdt.core.GmakeErrorParser" point="org.eclipse.cdt.core.ErrorParser"/>
					<extension id="org.eclipse.cdt.core.CWDLocator" point="org.eclipse.cdt.core.ErrorParser"/>
					<extension id="org.eclipse.cdt.core.GCCErrorParser" point="org.eclipse.cdt.core.ErrorParser"/>
					<extension id="org.eclipse.cdt.core.GASErrorParser" point="org.eclipse.cdt.core.ErrorParser"/>
					<extension id="org.eclipse.cdt.core.GLDErrorParser" point="org.eclipse.cdt.core.ErrorParser"/>
				</extensions>
			</storageModule>
			<storageModule moduleId="cdtBuildSystem" version="4.0.0">
				<configuration buildProperties="" description="" id="cdt.managedbuild.toolchain.gnu.base.448386791" name="Default" parent="org.eclipse.cdt.build.core.emptycfg">
					<folderInfo id="cdt.managedbuild.toolchain.gnu.base.448386791.725514059" name="/" resourcePath="">
						<toolChain id="cdt.managedbuild.toolchain.gnu.base.341618342" name="cdt.managedbuild.toolchain.gnu.base" superClass="cdt.managedbuild.toolchain.gnu.base">
							<targetPlatform archList="all" binaryParser="org.eclipse.cdt.core.ELF" id="cdt.managedbuild.target.gnu.platform.base.973624984" name="Debug Platform" osList="linux,hpux,aix,qnx" superClass="cdt.managedbuild.target.gnu.platform.base"/>
							<builder id="cdt.managedbuild.target.gnu.builder.base.1857141916" keepEnvironmentInBuildfile="false" managedBuildOn="false" name="Gnu Make Builder" superClass="cdt.managedbuild.target.gnu.builder.base"/>
							<tool id="cdt.managedbuild.tool.gnu.archiver.base.1258509915" name="GCC Archiver" superClass="cdt.managedbuild.tool.gnu.archiver.base"/>
							<tool id="cdt.managedbuild.tool.gnu.cpp.compiler.base.1739513335" name="GCC C++ Compiler" superClass="cdt.managedbuild.tool.gnu.cpp.compiler.base">
								<inputType id="cdt.managedbuild.tool.gnu.cpp.compiler.input.1979728083" superClass="cdt.managedbuild.tool.gnu.cpp.compiler.input"/>
							</tool>
							<tool id="cdt.managedbuild.tool.gnu.c.compiler.base.152228969" name="GCC C Compiler" superClass="cdt.managedbuild.tool.gnu.c.compiler.base">
								<inputType id="cdt.managedbuild.tool.gnu.c.compiler.input.1726335267" superClass="cdt.managedbuild.tool.gnu.c.compiler.input"/>
							</tool>
							<tool id="cdt.managedbuild.tool.gnu.c.linker.base.1957887975" name="GCC C Linker" superClass="cdt.managedbuild.tool.gnu.c.linker.base"/>
							<tool id="cdt.managedbuild.tool.gnu.cpp.linker.base.605688924" name="GCC C++ Linker" superClass="cdt.managedbuild.tool.gnu.cpp.linker.base">
								<inputType id="cdt.managedbuild.tool.gnu.cpp.linker.input.293305232" superClass="cdt.managedbuild.tool.gnu.cpp.linker.input">
									<additionalInput kind="additionalinputdependency" paths="$(USER_OBJS)"/>
									<additionalInput kind="additionalinput" paths="$(LIBS)"/>
								</inputType>
							</tool>
							<tool id="cdt.managedbuild.tool.gnu.assembler.base.698161221" name="GCC Assembler" superClass="cdt.managedbuild.tool.gnu.assembler.base">
								<inputType id="cdt.managedbuild.tool.gnu.assembler.input.1171568873" superClass="cdt.managedbuild.tool.gnu.assembler.input"/>
							</tool>
						</toolChain>
					</folderInfo>
				</configuration>
			</storageModule>
			<storageModule moduleId="org.eclipse.cdt.core.externalSettings"/>
		</cconfiguration>
	</storageModule>
	<storageModule moduleId="scannerConfiguration">
		<autodiscovery enabled="true" problemReportingEnabled="true" selectedProfileId=""/>
	</storageModule>
	<storageModule moduleId="cdtBuildSystem" version="4.0.0">
		<project id="kobuki_auto_docking.null.965351280" name="kobuki_auto_docking"/>
	</storageModule>
</cproject>
