<?xml version="1.0" encoding="UTF-8" standalone="no"?>
<?fileVersion 4.0.0?>

<cproject storage_type_id="org.eclipse.cdt.core.XmlProjectDescriptionStorage">
	<storageModule moduleId="org.eclipse.cdt.core.settings">
		<cconfiguration id="cdt.managedbuild.toolchain.gnu.base.990789000">
			<storageModule buildSystemId="org.eclipse.cdt.managedbuilder.core.configurationDataProvider" id="cdt.managedbuild.toolchain.gnu.base.990789000" moduleId="org.eclipse.cdt.core.settings" name="Default">
				<externalSettings/>
				<extensions>
					<extension id="org.eclipse.cdt.core.ELF" point="org.eclipse.cdt.core.BinaryParser"/>
					<extension id="org.eclipse.cdt.core.GmakeErrorParser" point="org.eclipse.cdt.core.ErrorParser"/>
					<extension id="org.eclipse.cdt.core.CWDLocator" point="org.eclipse.cdt.core.ErrorParser"/>
					<extension id="org.eclipse.cdt.core.GCCErrorParser" point="org.eclipse.cdt.core.ErrorParser"/>
					<extension id="org.eclipse.cdt.core.GASErrorParser" point="org.eclipse.cdt.core.ErrorParser"/>
					<extension id="org.eclipse.cdt.core.GLDErrorParser" point="org.eclipse.cdt.core.ErrorParser"/>
				</extensions>
			</storageModule>
			<storageModule moduleId="cdtBuildSystem" version="4.0.0">
				<configuration buildProperties="" description="" id="cdt.managedbuild.toolchain.gnu.base.990789000" name="Default" parent="org.eclipse.cdt.build.core.emptycfg">
					<folderInfo id="cdt.managedbuild.toolchain.gnu.base.990789000.690998658" name="/" resourcePath="">
						<toolChain id="cdt.managedbuild.toolchain.gnu.base.434663521" name="cdt.managedbuild.toolchain.gnu.base" superClass="cdt.managedbuild.toolchain.gnu.base">
							<targetPlatform archList="all" binaryParser="org.eclipse.cdt.core.ELF" id="cdt.managedbuild.target.gnu.platform.base.1565546395" name="Debug Platform" osList="linux,hpux,aix,qnx" superClass="cdt.managedbuild.target.gnu.platform.base"/>
							<builder id="cdt.managedbuild.target.gnu.builder.base.1035872122" keepEnvironmentInBuildfile="false" managedBuildOn="false" name="Gnu Make Builder" superClass="cdt.managedbuild.target.gnu.builder.base"/>
							<tool id="cdt.managedbuild.tool.gnu.archiver.base.1774405744" name="GCC Archiver" superClass="cdt.managedbuild.tool.gnu.archiver.base"/>
							<tool id="cdt.managedbuild.tool.gnu.cpp.compiler.base.464412048" name="GCC C++ Compiler" superClass="cdt.managedbuild.tool.gnu.cpp.compiler.base">
								<inputType id="cdt.managedbuild.tool.gnu.cpp.compiler.input.19647080" superClass="cdt.managedbuild.tool.gnu.cpp.compiler.input"/>
							</tool>
							<tool id="cdt.managedbuild.tool.gnu.c.compiler.base.1724647528" name="GCC C Compiler" superClass="cdt.managedbuild.tool.gnu.c.compiler.base">
								<inputType id="cdt.managedbuild.tool.gnu.c.compiler.input.393310220" superClass="cdt.managedbuild.tool.gnu.c.compiler.input"/>
							</tool>
							<tool id="cdt.managedbuild.tool.gnu.c.linker.base.1129461534" name="GCC C Linker" superClass="cdt.managedbuild.tool.gnu.c.linker.base"/>
							<tool id="cdt.managedbuild.tool.gnu.cpp.linker.base.1354354052" name="GCC C++ Linker" superClass="cdt.managedbuild.tool.gnu.cpp.linker.base">
								<inputType id="cdt.managedbuild.tool.gnu.cpp.linker.input.229380900" superClass="cdt.managedbuild.tool.gnu.cpp.linker.input">
									<additionalInput kind="additionalinputdependency" paths="$(USER_OBJS)"/>
									<additionalInput kind="additionalinput" paths="$(LIBS)"/>
								</inputType>
							</tool>
							<tool id="cdt.managedbuild.tool.gnu.assembler.base.1385482174" name="GCC Assembler" superClass="cdt.managedbuild.tool.gnu.assembler.base">
								<inputType id="cdt.managedbuild.tool.gnu.assembler.input.2052218308" superClass="cdt.managedbuild.tool.gnu.assembler.input"/>
							</tool>
						</toolChain>
					</folderInfo>
				</configuration>
			</storageModule>
			<storageModule moduleId="org.eclipse.cdt.core.externalSettings"/>
		</cconfiguration>
	</storageModule>
	<storageModule moduleId="cdtBuildSystem" version="4.0.0">
		<project id="kobuki_safety_controller.null.679135572" name="kobuki_safety_controller"/>
	</storageModule>
	<storageModule moduleId="scannerConfiguration">
		<autodiscovery enabled="true" problemReportingEnabled="true" selectedProfileId=""/>
	</storageModule>
	<storageModule moduleId="org.eclipse.cdt.make.core.buildtargets">
		<buildTargets>
			<target name="rosmake" path="" targetID="org.eclipse.cdt.build.MakeTargetBuilder">
				<buildCommand>rosmake</buildCommand>
				<buildArguments/>
				<buildTarget/>
				<stopOnError>true</stopOnError>
				<useDefaultCommand>false</useDefaultCommand>
				<runAllBuilders>true</runAllBuilders>
			</target>
		</buildTargets>
	</storageModule>
</cproject>
