<?xml version="1.0" encoding="UTF-8" standalone="no"?>
<?fileVersion 4.0.0?>

<cproject storage_type_id="org.eclipse.cdt.core.XmlProjectDescriptionStorage">
	<storageModule moduleId="org.eclipse.cdt.core.settings">
		<cconfiguration id="cdt.managedbuild.toolchain.gnu.base.2089615507">
			<storageModule buildSystemId="org.eclipse.cdt.managedbuilder.core.configurationDataProvider" id="cdt.managedbuild.toolchain.gnu.base.2089615507" moduleId="org.eclipse.cdt.core.settings" name="Default">
				<externalSettings/>
				<extensions>
					<extension id="org.eclipse.cdt.core.ELF" point="org.eclipse.cdt.core.BinaryParser"/>
					<extension id="org.eclipse.cdt.core.GmakeErrorParser" point="org.eclipse.cdt.core.ErrorParser"/>
					<extension id="org.eclipse.cdt.core.CWDLocator" point="org.eclipse.cdt.core.ErrorParser"/>
					<extension id="org.eclipse.cdt.core.GCCErrorParser" point="org.eclipse.cdt.core.ErrorParser"/>
					<extension id="org.eclipse.cdt.core.GASErrorParser" point="org.eclipse.cdt.core.ErrorParser"/>
					<extension id="org.eclipse.cdt.core.GLDErrorParser" point="org.eclipse.cdt.core.ErrorParser"/>
				</extensions>
			</storageModule>
			<storageModule moduleId="cdtBuildSystem" version="4.0.0">
				<configuration buildProperties="" id="cdt.managedbuild.toolchain.gnu.base.2089615507" name="Default" parent="org.eclipse.cdt.build.core.emptycfg">
					<folderInfo id="cdt.managedbuild.toolchain.gnu.base.2089615507.1595781560" name="/" resourcePath="">
						<toolChain id="cdt.managedbuild.toolchain.gnu.base.23663471" name="cdt.managedbuild.toolchain.gnu.base" superClass="cdt.managedbuild.toolchain.gnu.base">
							<targetPlatform archList="all" binaryParser="org.eclipse.cdt.core.ELF" id="cdt.managedbuild.target.gnu.platform.base.424855392" name="Debug Platform" osList="linux,hpux,aix,qnx" superClass="cdt.managedbuild.target.gnu.platform.base"/>
							<builder id="cdt.managedbuild.target.gnu.builder.base.51920088" managedBuildOn="false" name="Gnu Make Builder.Default" superClass="cdt.managedbuild.target.gnu.builder.base"/>
							<tool id="cdt.managedbuild.tool.gnu.archiver.base.783017496" name="GCC Archiver" superClass="cdt.managedbuild.tool.gnu.archiver.base"/>
							<tool id="cdt.managedbuild.tool.gnu.cpp.compiler.base.1824747509" name="GCC C++ Compiler" superClass="cdt.managedbuild.tool.gnu.cpp.compiler.base"/>
							<tool id="cdt.managedbuild.tool.gnu.c.compiler.base.1873251908" name="GCC C Compiler" superClass="cdt.managedbuild.tool.gnu.c.compiler.base"/>
							<tool id="cdt.managedbuild.tool.gnu.c.linker.base.2144056970" name="GCC C Linker" superClass="cdt.managedbuild.tool.gnu.c.linker.base"/>
							<tool id="cdt.managedbuild.tool.gnu.cpp.linker.base.1272443836" name="GCC C++ Linker" superClass="cdt.managedbuild.tool.gnu.cpp.linker.base"/>
							<tool id="cdt.managedbuild.tool.gnu.assembler.base.781025973" name="GCC Assembler" superClass="cdt.managedbuild.tool.gnu.assembler.base"/>
						</toolChain>
					</folderInfo>
				</configuration>
			</storageModule>
			<storageModule moduleId="org.eclipse.cdt.core.externalSettings"/>
		</cconfiguration>
	</storageModule>
	<storageModule moduleId="cdtBuildSystem" version="4.0.0">
		<project id="kobuki_controller_tutorial.null.1299118405" name="kobuki_controller_tutorial"/>
	</storageModule>
	<storageModule moduleId="scannerConfiguration">
		<autodiscovery enabled="true" problemReportingEnabled="true" selectedProfileId=""/>
	</storageModule>
</cproject>
