<?xml version="1.0" encoding="UTF-8" standalone="no"?>
<?fileVersion 4.0.0?>

<cproject storage_type_id="org.eclipse.cdt.core.XmlProjectDescriptionStorage">
	<storageModule moduleId="org.eclipse.cdt.core.settings">
		<cconfiguration id="0.2081330952">
			<storageModule buildSystemId="org.eclipse.cdt.managedbuilder.core.configurationDataProvider" id="0.2081330952" moduleId="org.eclipse.cdt.core.settings" name="Default">
				<externalSettings/>
				<extensions>
					<extension id="org.eclipse.cdt.core.VCErrorParser" point="org.eclipse.cdt.core.ErrorParser"/>
					<extension id="org.eclipse.cdt.core.GmakeErrorParser" point="org.eclipse.cdt.core.ErrorParser"/>
					<extension id="org.eclipse.cdt.core.CWDLocator" point="org.eclipse.cdt.core.ErrorParser"/>
					<extension id="org.eclipse.cdt.core.GCCErrorParser" point="org.eclipse.cdt.core.ErrorParser"/>
					<extension id="org.eclipse.cdt.core.GASErrorParser" point="org.eclipse.cdt.core.ErrorParser"/>
					<extension id="org.eclipse.cdt.core.GLDErrorParser" point="org.eclipse.cdt.core.ErrorParser"/>
				</extensions>
			</storageModule>
			<storageModule moduleId="cdtBuildSystem" version="4.0.0">
				<configuration buildProperties="" description="" id="0.2081330952" name="Default" parent="org.eclipse.cdt.build.core.prefbase.cfg">
					<folderInfo id="0.2081330952." name="/" resourcePath="">
						<toolChain id="org.eclipse.cdt.build.core.prefbase.toolchain.1428329009" name="No ToolChain" resourceTypeBasedDiscovery="false" superClass="org.eclipse.cdt.build.core.prefbase.toolchain">
							<targetPlatform id="org.eclipse.cdt.build.core.prefbase.toolchain.1428329009.1383860481" name=""/>
							<builder id="org.eclipse.cdt.build.core.settings.default.builder.1947365243" keepEnvironmentInBuildfile="false" managedBuildOn="false" name="Gnu Make Builder" superClass="org.eclipse.cdt.build.core.settings.default.builder"/>
							<tool id="org.eclipse.cdt.build.core.settings.holder.libs.1759942927" name="holder for library settings" superClass="org.eclipse.cdt.build.core.settings.holder.libs"/>
							<tool id="org.eclipse.cdt.build.core.settings.holder.1054142257" name="Assembly" superClass="org.eclipse.cdt.build.core.settings.holder">
								<inputType id="org.eclipse.cdt.build.core.settings.holder.inType.1679260014" languageId="org.eclipse.cdt.core.assembly" languageName="Assembly" sourceContentType="org.eclipse.cdt.core.asmSource" superClass="org.eclipse.cdt.build.core.settings.holder.inType"/>
							</tool>
							<tool id="org.eclipse.cdt.build.core.settings.holder.331353793" name="GNU C++" superClass="org.eclipse.cdt.build.core.settings.holder">
								<inputType id="org.eclipse.cdt.build.core.settings.holder.inType.1277351141" languageId="org.eclipse.cdt.core.g++" languageName="GNU C++" sourceContentType="org.eclipse.cdt.core.cxxSource,org.eclipse.cdt.core.cxxHeader" superClass="org.eclipse.cdt.build.core.settings.holder.inType"/>
							</tool>
							<tool id="org.eclipse.cdt.build.core.settings.holder.1212070909" name="GNU C" superClass="org.eclipse.cdt.build.core.settings.holder">
								<inputType id="org.eclipse.cdt.build.core.settings.holder.inType.736401172" languageId="org.eclipse.cdt.core.gcc" languageName="GNU C" sourceContentType="org.eclipse.cdt.core.cSource,org.eclipse.cdt.core.cHeader" superClass="org.eclipse.cdt.build.core.settings.holder.inType"/>
							</tool>
						</toolChain>
					</folderInfo>
				</configuration>
			</storageModule>
			<storageModule moduleId="org.eclipse.cdt.core.externalSettings"/>
		</cconfiguration>
	</storageModule>
	<storageModule moduleId="cdtBuildSystem" version="4.0.0">
		<project id="kobuki_bumper2pc.null.1800014363" name="kobuki_bumper2pc"/>
	</storageModule>
	<storageModule moduleId="scannerConfiguration">
		<autodiscovery enabled="true" problemReportingEnabled="true" selectedProfileId=""/>
		<scannerConfigBuildInfo instanceId="0.2081330952">
			<autodiscovery enabled="true" problemReportingEnabled="true" selectedProfileId=""/>
		</scannerConfigBuildInfo>
	</storageModule>
	<storageModule moduleId="refreshScope"/>
</cproject>
